timestamp,imsi,imei,cell_id,source_number,destination_number,call_type,duration,location_area_code,signal_strength
2025-02-25 11:03:30,46729608446575,35186504341166,CELL-7820,+91071396720,+91866464005,SMS-MT,38,915,-59
2025-02-25 11:47:18,43648356848709,35917582263426,CELL-9022,+91219776541,+91875529728,SMS-MT,1136,000,-54
2025-02-23 19:00:41,42221022041458,35449754394264,CELL-1900,+91390936670,+91733635245,SMS-MT,1321,966,-55
2025-02-21 17:58:01,40797888601616,35449754394264,CELL-2135,+91071396720,+91035283888,SMS-MT,829,756,-67
2025-02-24 02:12:27,42792542856916,35737068477000,CELL-2824,+91221520617,+91999677236,SMS-MT,1261,865,-69
2025-02-21 08:15:49,43097947301588,35369045726119,CELL-2993,+91400531967,+91572046447,SMS-MT,347,443,-106
2025-02-23 18:06:19,43097947301588,35698914462149,CELL-2824,+91851287144,+91114539458,SMS-MT,64,690,-102
2025-02-27 02:04:13,46729608446575,35686829485430,CELL-2824,+91324665292,+91008794831,MTC,1718,263,-74
2025-02-25 00:30:33,45699699108059,35719532627905,CELL-7820,+91237339747,+91830566338,SMS-MT,997,293,-84
2025-02-24 04:11:44,40407504387502,35369045726119,CELL-6087,+91125708950,+91024312680,MTC,1380,458,-82
2025-02-22 04:14:45,45484353164868,35458594955062,CELL-1900,+91866464005,+91406352454,SMS-MO,1435,625,-59
2025-02-25 15:13:58,45447945510613,35047264367118,CELL-8473,+91323088835,+91654422532,SMS-MT,1236,639,-99
2025-02-23 15:41:35,40797888601616,35392924712272,CELL-5400,+91972127013,+91407086698,SMS-MO,1113,384,-65
2025-02-25 15:28:05,40625297358149,35589099813502,CELL-6498,+91818150466,+91216969270,SMS-MO,220,016,-58
2025-02-26 21:39:10,43648356848709,35185929962348,CELL-5703,+91152174576,+91320272093,MTC,540,309,-112
2025-02-21 11:57:00,46600696221116,35229950225339,CELL-2824,+91713827680,+91248383763,MTC,1232,699,-64
2025-02-22 10:41:53,40260079342617,35075898705616,CELL-6498,+91766154194,+91135015963,MTC,1065,492,-84
2025-02-21 22:25:17,47192750430663,35378084510368,CELL-9022,+91875529728,+91000639483,SMS-MT,1435,897,-102
2025-02-20 22:24:16,49969962063823,35063035727899,CELL-6087,+91400531967,+91323088835,MTC,601,175,-97
2025-02-25 21:40:38,43648356848709,35719532627905,CELL-9022,+91754099162,+91135015963,MTC,104,417,-62
2025-02-21 23:31:24,48862534287472,35427037363928,CELL-5703,+91425362133,+91117872708,SMS-MT,1737,056,-95
2025-02-23 20:55:32,48862534287472,35429865569939,CELL-2135,+91865842571,+91653882592,MOC,1108,744,-113
2025-02-23 14:38:03,43480946643765,35229950225339,CELL-4969,+91142399368,+91733635245,SMS-MO,1446,748,-118
2025-02-21 23:42:48,47279176522856,35458594955062,CELL-5400,+91762152170,+91733635245,MTC,361,922,-73
2025-02-21 10:39:08,43906576784794,35342093986334,CELL-4969,+91159808113,+91355088242,SMS-MT,1669,604,-120
2025-02-23 18:42:15,42341326607568,35084971376639,CELL-6801,+91119441350,+91159808113,SMS-MT,1606,312,-61
2025-02-23 19:10:24,47974704880021,35047264367118,CELL-2265,+91008794831,+91304542653,SMS-MO,1783,046,-85
2025-02-25 18:59:07,46026226962663,35817261615714,CELL-2265,+91406337455,+91525175436,MTC,99,335,-109
2025-02-27 19:54:34,45484353164868,35817261615714,CELL-0603,+91764668407,+91713827680,SMS-MO,1675,518,-61
2025-02-21 11:46:33,46729608446575,35185929962348,CELL-5400,+91832980052,+91320272093,SMS-MT,256,387,-63
2025-02-22 17:02:51,40797888601616,35084971376639,CELL-8473,+91442113074,+91024561784,MTC,1661,849,-111
2025-02-21 23:45:15,47974704880021,35737068477000,CELL-1900,+91355088242,+91960121477,MTC,388,211,-91
2025-02-24 23:42:29,43646527883088,35986717339885,CELL-5703,+91117872708,+91878207173,MOC,1064,623,-120
2025-02-22 16:34:10,40322911370852,35186504341166,CELL-0603,+91402783843,+91182333709,MTC,242,368,-86
2025-02-24 03:08:56,43646527883088,35449754394264,CELL-8473,+91578391406,+91497105822,SMS-MO,115,437,-83
2025-02-21 17:25:59,43370517990547,35190004075170,CELL-2824,+91581110915,+91425362133,SMS-MT,11,914,-66
2025-02-27 17:23:16,42430574388965,35019052337279,CELL-6801,+91823687975,+91427821516,MOC,873,689,-109
2025-02-23 08:31:06,43906576784794,35941659627979,CELL-4969,+91126903585,+91878207173,SMS-MO,1488,924,-73
2025-02-21 22:07:33,47974704880021,35159528974845,CELL-2265,+91620973976,+91126903585,MTC,383,430,-104
2025-02-20 23:12:58,43370517990547,35436131691223,CELL-2265,+91237339747,+91754099162,SMS-MT,407,927,-53
2025-02-25 09:59:33,40407504387502,35737068477000,CELL-1900,+91846209995,+91830566338,SMS-MO,119,197,-108
2025-02-25 02:23:47,44700526054343,35047264367118,CELL-2265,+91733635245,+91903672314,MOC,1161,955,-91
2025-02-22 18:36:14,44535689447151,35686829485430,CELL-2993,+91152174576,+91851287144,MTC,865,903,-58
2025-02-22 20:14:07,49669489156233,35955682455814,CELL-6087,+91960789737,+91823687975,MTC,1064,667,-78
2025-02-21 10:33:22,40454041901801,35229950225339,CELL-2135,+91763954894,+91518887993,SMS-MO,49,517,-80
2025-02-21 00:59:52,48949199562446,35291517987480,CELL-8476,+91525175436,+91578391406,MTC,1416,262,-103
2025-02-27 14:54:31,45484353164868,35378084510368,CELL-6801,+91615039019,+91851287144,MTC,1169,764,-117
2025-02-24 16:37:10,43906576784794,35698914462149,CELL-9022,+91766154194,+91581110915,SMS-MO,1114,349,-53
2025-02-21 11:37:06,40625297358149,35686829485430,CELL-2135,+91119441350,+91024561784,MOC,49,193,-115
2025-02-26 02:52:46,48862534287472,35862639249477,CELL-0603,+91202975757,+91250264599,SMS-MO,1444,680,-111
2025-02-26 12:33:01,47192750430663,35503167740277,CELL-5400,+91820233464,+91312598109,MTC,1735,009,-69
2025-02-22 15:08:31,40074538948554,35159528974845,CELL-2135,+91035283888,+91972127013,SMS-MT,61,176,-75
2025-02-25 23:55:57,47143523149270,35342093986334,CELL-7820,+91142399368,+91762152170,MOC,969,307,-75
2025-02-24 02:15:44,42730475517392,35817261615714,CELL-0910,+91425362133,+91169082411,MTC,383,585,-50
2025-02-26 07:36:40,43370517990547,35960818474893,CELL-6801,+91097984922,+91851287144,SMS-MT,548,137,-114
2025-02-26 15:45:19,42981853422094,35466032962668,CELL-6498,+91830566338,+91237339747,SMS-MT,1280,960,-62
2025-02-27 11:08:09,47166881033751,35683669826301,CELL-2135,+91406337455,+91754099162,MTC,851,534,-50
2025-02-25 12:56:29,45447945510613,35817920871088,CELL-8443,+91597276967,+91312598109,SMS-MT,793,266,-50
2025-02-25 17:04:56,46026226962663,35466032962668,CELL-9505,+91878207173,+91875529728,MOC,546,281,-109
2025-02-21 21:13:38,47166881033751,35019052337279,CELL-2265,+91825452989,+91287906366,MOC,129,705,-50
2025-02-21 05:16:41,40407504387502,35204312892535,CELL-4969,+91748220113,+91442113074,SMS-MO,1612,869,-58
2025-02-22 16:04:26,40454041901801,35009146024049,CELL-2993,+91142399368,+91581110915,SMS-MO,1479,980,-105
2025-02-22 08:11:06,44700526054343,35746010699061,CELL-9505,+91441159533,+91159808113,MTC,797,692,-56
2025-02-20 22:20:43,43906576784794,35554512462827,CELL-2993,+91117872708,+91097984922,MTC,673,232,-84
2025-02-23 22:58:19,40074538948554,35378084510368,CELL-2135,+91287906366,+91182333709,MOC,701,283,-75
2025-02-23 12:00:35,40797888601616,35924995660755,CELL-2135,+91653882592,+91320873131,SMS-MT,917,256,-86
2025-02-21 07:25:16,42341326607568,35575532594928,CELL-6015,+91903672314,+91184627400,SMS-MT,1376,060,-108
2025-02-23 05:54:38,45413461777999,35986717339885,CELL-8476,+91903672314,+91653882592,MOC,731,011,-82
2025-02-21 23:40:17,49751600792329,35986717339885,CELL-6801,+91960789737,+91400531967,MTC,1666,923,-62
2025-02-22 05:10:25,47775754486124,35683669826301,CELL-5703,+91825452989,+91518887993,SMS-MT,686,146,-96
2025-02-23 03:35:14,46729608446575,35186649731922,CELL-6498,+91117872708,+91320272093,SMS-MO,56,521,-59
2025-02-26 13:16:56,47775754486124,35685357871471,CELL-5400,+91219776541,+91184627400,MOC,656,856,-116
2025-02-23 04:01:43,49751600792329,35897916602267,CELL-1900,+91390936670,+91427821516,MOC,1086,533,-115
2025-02-21 02:23:18,43492922858327,35620405877629,CELL-8476,+91851287144,+91406352454,SMS-MO,1135,458,-74
2025-02-22 19:28:09,40407504387502,35436131691223,CELL-5400,+91766154194,+91960121477,SMS-MO,1586,383,-86
2025-02-23 23:58:37,46026226962663,35686829485430,CELL-9022,+91159808113,+91114539458,MOC,432,294,-100
2025-02-23 07:59:05,42208217384914,35159528974845,CELL-8443,+91216969270,+91182333709,MOC,26,754,-66
2025-02-22 17:38:19,45447945510613,35449754394264,CELL-2993,+91152174576,+91866464005,SMS-MO,753,229,-93
2025-02-26 15:59:43,45699699108059,35363967045575,CELL-1900,+91802465414,+91216969270,SMS-MT,181,196,-65
2025-02-26 08:47:26,42208217384914,35768043899695,CELL-6015,+91497105822,+91406337455,SMS-MO,1306,430,-59
2025-02-27 01:07:45,47974704880021,35941659627979,CELL-7820,+91829311037,+91332973537,MTC,573,615,-85
2025-02-22 05:24:49,43492922858327,35698914462149,CELL-9505,+91221520617,+91324665292,SMS-MT,254,929,-79
2025-02-20 20:19:10,44535689447151,35009146024049,CELL-1900,+91323088835,+91441159533,SMS-MO,1772,699,-51
2025-02-25 18:43:10,40260079342617,35672481069401,CELL-5400,+91000639483,+91500915800,MOC,48,568,-50
2025-02-22 01:37:08,47775754486124,35075898705616,CELL-7820,+91823687975,+91312598109,SMS-MT,1154,379,-60
2025-02-26 02:40:20,42341326607568,35159528974845,CELL-0603,+91248383763,+91764668407,MOC,1748,808,-95
2025-02-21 16:30:33,40797888601616,35159528974845,CELL-5703,+91071396720,+91960121477,MOC,1209,247,-106
2025-02-22 10:12:20,46729608446575,35429865569939,CELL-9022,+91766154194,+91525175436,SMS-MT,394,170,-57
2025-02-27 03:01:55,40260079342617,35766536758776,CELL-8443,+91152174576,+91182333709,SMS-MO,539,724,-110
2025-02-24 01:55:33,41622209992543,35195732104467,CELL-2135,+91762152170,+91645737097,SMS-MT,290,808,-111
2025-02-22 10:09:02,49418986515284,35766536758776,CELL-6015,+91820233464,+91406337455,MOC,931,178,-114
2025-02-22 22:42:11,45413461777999,35229950225339,CELL-7820,+91830566338,+91733635245,MOC,1413,932,-51
2025-02-23 02:07:49,45109646756041,35449754394264,CELL-2135,+91620973976,+91818150466,MOC,682,079,-63
2025-02-24 22:31:58,44535689447151,35897916602267,CELL-5400,+91223301748,+91903672314,MOC,106,491,-83
2025-02-22 20:00:43,42730475517392,35960818474893,CELL-8443,+91866464005,+91581110915,MTC,637,979,-111
2025-02-21 13:42:33,40625297358149,35745726181835,CELL-2265,+91972127013,+91763954894,MTC,510,294,-107
2025-02-23 02:23:31,42730475517392,35063035727899,CELL-9022,+91620973976,+91572046447,SMS-MO,1595,269,-102
2025-02-21 02:31:37,47775754486124,35159528974845,CELL-6015,+91497105822,+91974180120,MOC,1290,378,-101
2025-02-22 05:02:49,43097947301588,35009146024049,CELL-6015,+91875529728,+91084829675,MTC,102,742,-101
2025-02-26 05:55:25,49477997028326,35185929962348,CELL-0603,+91903672314,+91159808113,SMS-MO,89,900,-117
2025-02-21 17:09:13,43370517990547,35737068477000,CELL-9505,+91406352454,+91400531967,MTC,862,454,-107
2025-02-25 20:16:03,47279176522856,35672481069401,CELL-1900,+91425362133,+91119441350,SMS-MT,693,328,-80
2025-02-22 12:20:45,40260079342617,35699359064818,CELL-8443,+91312598109,+91221520617,SMS-MT,291,947,-71
2025-02-27 02:40:39,48949199562446,35620405877629,CELL-5703,+91441159533,+91866464005,MOC,593,991,-100
2025-02-25 02:17:16,43370517990547,35392924712272,CELL-7820,+91427821516,+91733635245,MTC,1684,366,-82
2025-02-22 01:46:42,42792542856916,35622444991785,CELL-4969,+91818150466,+91332973537,SMS-MO,767,919,-77
2025-02-21 19:16:42,43646527883088,35990580425649,CELL-5703,+91390936670,+91017520636,MTC,1746,239,-53
2025-02-21 06:25:08,43906576784794,35990580425649,CELL-6015,+91320873131,+91597276967,MOC,21,097,-58
2025-02-25 12:49:38,49418986515284,35047264367118,CELL-6087,+91572046447,+91111111495,SMS-MT,1537,109,-95
2025-02-23 17:28:07,45484353164868,35449754394264,CELL-6087,+91615039019,+91960789737,MOC,1368,936,-101
2025-02-27 10:35:18,43480946643765,35063035727899,CELL-2993,+91390936670,+91425362133,MOC,750,927,-68
2025-02-26 10:06:57,43097947301588,35196269887070,CELL-6015,+91021998878,+91320272093,SMS-MT,1717,955,-85
2025-02-26 08:17:42,43480946643765,35204312892535,CELL-0603,+91972127013,+91390936670,MTC,726,181,-111
2025-02-26 17:04:01,44535689447151,35189314110855,CELL-2265,+91999677236,+91126903585,SMS-MO,45,524,-113
2025-02-23 05:51:13,47402004461710,35378084510368,CELL-5703,+91851287144,+91645737097,MTC,1132,467,-57
2025-02-26 07:14:24,40074538948554,35047049560139,CELL-6087,+91572046447,+91754099162,MTC,1107,575,-120
2025-02-21 21:37:11,42341326607568,35503167740277,CELL-0910,+91733635245,+91572046447,MOC,969,838,-70
2025-02-26 00:31:32,44535689447151,35449754394264,CELL-8473,+91406352454,+91320272093,SMS-MO,895,226,-111
2025-02-22 20:46:46,40074538948554,35363967045575,CELL-9505,+91221520617,+91645737097,MOC,916,339,-104
2025-02-23 06:54:20,43492922858327,35189314110855,CELL-9022,+91615039019,+91865842571,SMS-MO,1441,053,-113
2025-02-20 21:25:25,42792542856916,35689775580058,CELL-6498,+91008794831,+91820233464,SMS-MO,558,209,-66
2025-02-22 15:49:25,40260079342617,35342093986334,CELL-2135,+91021998878,+91035283888,MOC,370,497,-96
2025-02-26 01:51:43,49969962063823,35917582263426,CELL-8443,+91216969270,+91406337455,MTC,18,455,-101
2025-02-26 15:34:42,47192750430663,35897916602267,CELL-6087,+91572046447,+91960121477,MTC,1462,850,-63
2025-02-23 19:41:00,49751600792329,35047264367118,CELL-5703,+91754099162,+91097984922,MTC,294,223,-72
2025-02-25 09:26:13,43906576784794,35941659627979,CELL-4969,+91407086698,+91518887993,SMS-MO,267,331,-98
2025-02-25 14:05:45,47279176522856,35342093986334,CELL-6801,+91021998878,+91114539458,SMS-MO,257,738,-70
2025-02-22 17:38:00,40260079342617,35363967045575,CELL-8443,+91111111495,+91597276967,SMS-MO,328,642,-81
2025-02-25 18:37:34,49669489156233,35392924712272,CELL-2135,+91748220113,+91135015963,MTC,765,660,-80
2025-02-21 23:37:10,44700526054343,35291517987480,CELL-6015,+91406337455,+91550699229,SMS-MO,1502,593,-57
2025-02-20 22:13:04,49669489156233,35746010699061,CELL-2993,+91395259677,+91125708950,SMS-MT,757,436,-89
2025-02-22 18:44:50,49669489156233,35924995660755,CELL-2824,+91427821516,+91021998878,SMS-MT,1383,882,-117
2025-02-24 03:21:54,42341326607568,35196269887070,CELL-4969,+91427821516,+91620973976,MOC,61,949,-73
2025-02-22 03:02:00,41622209992543,35862639249477,CELL-2824,+91320873131,+91830566338,SMS-MT,1699,992,-60
2025-02-26 17:16:34,42730475517392,35745726181835,CELL-6015,+91829311037,+91974180120,SMS-MO,25,380,-95
2025-02-27 11:57:42,42981853422094,35466032962668,CELL-2265,+91219776541,+91305012183,SMS-MO,1369,577,-70
2025-02-26 03:53:27,48862534287472,35363967045575,CELL-0603,+91204687088,+91111111495,SMS-MT,577,199,-59
2025-02-21 12:31:51,42981853422094,35185929962348,CELL-1900,+91406337455,+91071396720,SMS-MT,705,471,-89
2025-02-24 14:11:24,42341326607568,35698914462149,CELL-9505,+91823687975,+91135015963,MTC,172,988,-107
2025-02-27 08:35:22,49751600792329,35427037363928,CELL-2993,+91126903585,+91518887993,MTC,1501,384,-92
2025-02-22 13:30:40,44535689447151,35342093986334,CELL-8476,+91829311037,+91875529728,MTC,1387,702,-52
2025-02-26 12:00:48,48862534287472,35924995660755,CELL-0910,+91830566338,+91406352454,MTC,1098,919,-110
2025-02-24 17:55:00,42730475517392,35622444991785,CELL-0910,+91245955091,+91754099162,SMS-MT,970,662,-62
2025-02-26 01:21:10,43370517990547,35698914462149,CELL-9022,+91035283888,+91442113074,MTC,275,779,-69
2025-02-23 14:59:30,46729608446575,35152691052319,CELL-8476,+91865842571,+91059130809,SMS-MO,1326,476,-87
2025-02-21 10:08:09,40454041901801,35745726181835,CELL-5400,+91202975757,+91236080921,MTC,108,241,-105
2025-02-21 23:59:25,42730475517392,35378084510368,CELL-4969,+91000639483,+91400531967,SMS-MO,1357,947,-109
2025-02-26 22:33:36,42730475517392,35363967045575,CELL-2265,+91851287144,+91304542653,MTC,1428,655,-98
2025-02-22 11:05:54,44700526054343,35745726181835,CELL-7820,+91960789737,+91114539458,SMS-MO,1670,833,-101
2025-02-21 00:42:55,42430574388965,35068288827583,CELL-8476,+91763954894,+91818150466,SMS-MT,1269,363,-78
2025-02-23 21:44:56,42341326607568,35254431142538,CELL-6015,+91245955091,+91497105822,SMS-MO,1611,972,-59
2025-02-21 02:40:36,47166881033751,35960818474893,CELL-2135,+91248383763,+91312598109,MTC,751,606,-71
2025-02-26 03:02:25,40797888601616,35047049560139,CELL-8443,+91084829675,+91169082411,SMS-MO,803,487,-59
2025-02-25 09:28:05,45484353164868,35686829485430,CELL-6801,+91654422532,+91763954894,SMS-MT,271,026,-94
2025-02-26 23:24:38,40625297358149,35254431142538,CELL-0910,+91406337455,+91500915800,MTC,1796,658,-83
2025-02-24 16:06:08,43646527883088,35961106495590,CELL-0603,+91400531967,+91764668407,MTC,438,239,-65
2025-02-27 19:41:07,42341326607568,35110485637537,CELL-0603,+91960121477,+91406337455,MTC,811,974,-86
2025-02-23 00:13:34,42341326607568,35986717339885,CELL-2265,+91169082411,+91202975757,MOC,267,497,-63
2025-02-23 02:42:19,40625297358149,35342093986334,CELL-9505,+91620973976,+91525175436,SMS-MT,1333,311,-67
2025-02-20 21:22:25,48949199562446,35392924712272,CELL-8443,+91762152170,+91820233464,MOC,1785,125,-106
2025-02-25 20:47:35,48949199562446,35698914462149,CELL-2265,+91355088242,+91008794831,SMS-MO,768,626,-78
2025-02-21 08:44:51,43648356848709,35084971376639,CELL-9505,+91764668407,+91304542653,SMS-MO,1351,615,-89
2025-02-27 01:15:16,40454041901801,35589099813502,CELL-2993,+91846209995,+91875529728,MTC,561,222,-109
2025-02-24 19:37:17,48949199562446,35254431142538,CELL-9022,+91829311037,+91219776541,SMS-MT,285,081,-72
2025-02-25 07:23:12,45413461777999,35075898705616,CELL-6087,+91390936670,+91223301748,SMS-MT,84,016,-118
2025-02-27 17:32:08,43480946643765,35672481069401,CELL-2135,+91846209995,+91204687088,SMS-MO,265,439,-105
2025-02-27 15:18:58,46729608446575,35075898705616,CELL-8476,+91117872708,+91581110915,MOC,101,129,-99
2025-02-23 00:52:10,47279176522856,35766536758776,CELL-9505,+91974180120,+91733635245,SMS-MT,1762,841,-62
2025-02-25 17:16:04,42341326607568,35378084510368,CELL-0910,+91287906366,+91250264599,SMS-MO,1036,123,-104
2025-02-25 02:41:00,45520944236450,35185929962348,CELL-6015,+91763954894,+91071396720,MOC,1528,494,-66
2025-02-25 16:44:14,47775754486124,35571011700880,CELL-8476,+91169082411,+91442113074,SMS-MT,376,307,-83
2025-02-23 22:48:48,47279176522856,35571011700880,CELL-4969,+91320272093,+91903672314,MTC,415,213,-97
2025-02-25 23:32:15,42208217384914,35897916602267,CELL-6498,+91320873131,+91332973537,MOC,665,688,-78
2025-02-27 18:39:40,48862534287472,35195732104467,CELL-8443,+91441159533,+91484526782,SMS-MO,848,397,-107
2025-02-22 13:06:50,40074538948554,35429865569939,CELL-6015,+91320873131,+91071396720,SMS-MO,1049,993,-74
2025-02-23 01:26:35,49477997028326,35466032962668,CELL-6087,+91615039019,+91645737097,SMS-MO,821,124,-120
2025-02-21 06:22:49,47192750430663,35683669826301,CELL-6015,+91645737097,+91245955091,SMS-MO,161,596,-94
2025-02-22 06:10:29,42430574388965,35986717339885,CELL-4969,+91762152170,+91960121477,MTC,816,627,-90
2025-02-22 00:31:54,45413461777999,35699359064818,CELL-6015,+91182333709,+91320272093,MOC,1547,520,-82
2025-02-27 02:55:04,46026226962663,35427037363928,CELL-4969,+91764668407,+91441159533,MOC,177,397,-97
2025-02-22 23:27:25,48862534287472,35746010699061,CELL-2265,+91818150466,+91825452989,MOC,443,077,-52
2025-02-23 23:49:40,45699699108059,35698914462149,CELL-6801,+91615039019,+91572046447,SMS-MT,879,854,-78
2025-02-24 08:28:34,44535689447151,35186649731922,CELL-2135,+91332973537,+91084829675,SMS-MT,837,026,-113
2025-02-24 01:33:37,45484353164868,35369045726119,CELL-1900,+91169082411,+91830566338,MOC,180,022,-84
2025-02-22 17:06:46,45447945510613,35195732104467,CELL-6801,+91832980052,+91152174576,SMS-MT,401,944,-58
2025-02-23 08:05:42,43480946643765,35009146024049,CELL-2824,+91405935763,+91024561784,SMS-MO,176,623,-54
2025-02-24 09:41:53,42341326607568,35363967045575,CELL-6015,+91159808113,+91653882592,SMS-MT,1321,324,-101
2025-02-27 19:37:54,40625297358149,35745726181835,CELL-2993,+91216969270,+91084829675,SMS-MO,417,259,-104
2025-02-24 15:09:44,43648356848709,35378084510368,CELL-9022,+91323088835,+91024561784,SMS-MO,834,541,-63
2025-02-24 23:47:05,40322911370852,35429865569939,CELL-4969,+91114539458,+91024561784,SMS-MO,360,798,-71
2025-02-22 16:06:04,40454041901801,35878571364417,CELL-2265,+91400531967,+91713827680,MOC,1782,717,-62
2025-02-26 04:24:51,42430574388965,35458594955062,CELL-7820,+91550699229,+91441159533,SMS-MT,379,968,-90
2025-02-22 12:59:12,43906576784794,35960818474893,CELL-6801,+91097984922,+91017520636,SMS-MT,803,388,-50
2025-02-25 16:36:35,43906576784794,35196269887070,CELL-8443,+91202975757,+91484526782,MTC,1265,073,-84
2025-02-22 02:17:03,42730475517392,35110485637537,CELL-0603,+91620973976,+91763954894,SMS-MO,293,344,-66
2025-02-21 13:03:06,45520944236450,35429865569939,CELL-0910,+91830566338,+91182333709,MOC,947,029,-79
2025-02-23 12:59:13,47166881033751,35986717339885,CELL-1900,+91597276967,+91059130809,SMS-MT,816,727,-66
2025-02-25 20:09:36,47775754486124,35768043899695,CELL-7820,+91017520636,+91250264599,MTC,1107,689,-77
2025-02-27 20:01:34,49751600792329,35924995660755,CELL-6087,+91142399368,+91024561784,MTC,363,277,-118
2025-02-23 15:27:16,45699699108059,35897916602267,CELL-0603,+91097984922,+91324665292,SMS-MT,1274,343,-118
2025-02-22 04:33:41,45520944236450,35189314110855,CELL-6087,+91972127013,+91111111495,MOC,1661,443,-86
2025-02-24 12:02:39,40407504387502,35575532594928,CELL-6498,+91142399368,+91572046447,SMS-MT,912,910,-118
2025-02-27 03:51:18,43646527883088,35503167740277,CELL-2993,+91500915800,+91406352454,SMS-MO,53,714,-105
2025-02-25 10:04:22,49751600792329,35185929962348,CELL-0910,+91142399368,+91754099162,SMS-MO,219,975,-61
2025-02-22 04:29:20,42430574388965,35186504341166,CELL-5400,+91219776541,+91355088242,SMS-MT,470,178,-64
2025-02-27 18:32:35,42792542856916,35110485637537,CELL-2135,+91152174576,+91320873131,MTC,597,516,-116
2025-02-25 19:04:45,45937717693748,35189314110855,CELL-2135,+91903672314,+91405935763,MTC,1280,086,-112
2025-02-21 22:53:54,48949199562446,35699359064818,CELL-9022,+91024561784,+91818150466,MOC,28,362,-103
2025-02-25 23:04:33,47143523149270,35746010699061,CELL-9022,+91182333709,+91135015963,SMS-MO,915,319,-97
2025-02-22 12:09:52,47166881033751,35746010699061,CELL-2265,+91829311037,+91830566338,SMS-MO,301,569,-106
2025-02-24 16:18:17,42341326607568,35186504341166,CELL-1900,+91204687088,+91114539458,SMS-MT,1658,751,-85
2025-02-22 22:21:11,40260079342617,35189314110855,CELL-6087,+91202975757,+91829311037,MOC,1770,410,-120
2025-02-20 21:23:19,45937717693748,35745726181835,CELL-4969,+91159808113,+91395259677,MOC,523,069,-107
2025-02-22 19:35:47,46600696221116,35990580425649,CELL-8473,+91400531967,+91818150466,SMS-MO,1217,680,-84
2025-02-27 15:51:38,46026226962663,35196269887070,CELL-2265,+91578391406,+91117872708,SMS-MT,668,635,-86
2025-02-24 23:04:49,45109646756041,35040248502539,CELL-0603,+91851287144,+91323088835,SMS-MO,1743,672,-111
2025-02-26 13:00:30,43097947301588,35196269887070,CELL-0603,+91441159533,+91866464005,SMS-MO,1435,478,-51
2025-02-21 05:59:54,42341326607568,35745726181835,CELL-2824,+91653882592,+91021998878,SMS-MT,1315,926,-66
2025-02-26 23:24:11,43480946643765,35960818474893,CELL-5400,+91324665292,+91763954894,MOC,1550,985,-51
2025-02-25 17:46:57,43648356848709,35961106495590,CELL-1900,+91578391406,+91097984922,MTC,306,485,-70
2025-02-21 06:31:23,44535689447151,35063035727899,CELL-4969,+91245955091,+91024312680,MOC,1546,001,-119
2025-02-22 15:40:41,43646527883088,35291517987480,CELL-2135,+91802465414,+91818150466,MTC,1319,965,-110
2025-02-27 03:39:03,47775754486124,35449754394264,CELL-8476,+91216969270,+91406352454,SMS-MT,622,612,-69
2025-02-21 05:11:51,40797888601616,35685357871471,CELL-2265,+91654422532,+91766154194,MTC,682,425,-108
2025-02-26 02:55:02,44700526054343,35201532534833,CELL-0603,+91832980052,+91406337455,MTC,1020,178,-87
2025-02-24 00:42:36,40797888601616,35047264367118,CELL-6498,+91287906366,+91830566338,SMS-MT,1528,286,-72
2025-02-23 14:10:55,40797888601616,35068288827583,CELL-8443,+91762152170,+91578391406,MOC,319,537,-93
2025-02-27 02:30:38,47974704880021,35698914462149,CELL-2824,+91320272093,+91733635245,SMS-MO,1606,524,-81
2025-02-24 22:16:24,40260079342617,35737068477000,CELL-7820,+91820233464,+91114539458,SMS-MT,240,247,-87
2025-02-23 20:05:54,45447945510613,35817920871088,CELL-2993,+91390936670,+91748220113,SMS-MT,146,544,-95
2025-02-22 04:53:42,40322911370852,35986717339885,CELL-8473,+91390936670,+91484526782,MTC,971,678,-89
2025-02-24 20:45:44,46026226962663,35745726181835,CELL-6801,+91395259677,+91763954894,SMS-MT,933,303,-120
2025-02-23 02:59:25,42221022041458,35685357871471,CELL-5703,+91866464005,+91754099162,SMS-MT,780,829,-105
2025-02-27 08:17:16,40797888601616,35990580425649,CELL-8443,+91846209995,+91119441350,MTC,1094,069,-109
2025-02-23 11:46:57,49751600792329,35817261615714,CELL-8473,+91550699229,+91407086698,MTC,590,754,-79
2025-02-24 17:45:00,40074538948554,35185929962348,CELL-2824,+91324665292,+91169082411,MTC,1181,786,-71
2025-02-25 19:48:59,46729608446575,35063035727899,CELL-5400,+91135015963,+91237339747,SMS-MT,247,850,-71
2025-02-24 07:51:13,43370517990547,35941659627979,CELL-1900,+91250264599,+91832980052,SMS-MO,698,546,-56
2025-02-25 15:01:14,49418986515284,35620405877629,CELL-4969,+91312598109,+91866464005,MTC,1030,422,-79
2025-02-26 11:10:56,45447945510613,35689775580058,CELL-7820,+91497105822,+91713827680,SMS-MT,1354,686,-83
2025-02-20 21:29:40,47166881033751,35554512462827,CELL-5400,+91406337455,+91324665292,MTC,464,521,-96
2025-02-22 08:40:36,43906576784794,35291517987480,CELL-8476,+91441159533,+91597276967,MTC,1300,140,-116
2025-02-27 19:32:37,49418986515284,35862639249477,CELL-2135,+91320272093,+91304542653,MOC,475,885,-119
2025-02-24 03:20:43,40407504387502,35766536758776,CELL-5703,+91402783843,+91406352454,SMS-MT,331,768,-91
2025-02-23 18:29:15,48862534287472,35159528974845,CELL-0910,+91974180120,+91021998878,SMS-MT,101,598,-114
2025-02-26 14:02:55,43492922858327,35941659627979,CELL-8473,+91024312680,+91405935763,SMS-MO,1034,265,-75
2025-02-21 06:15:19,45520944236450,35466032962668,CELL-1900,+91221520617,+91484526782,SMS-MT,1545,780,-95
2025-02-22 23:44:30,45364978857081,35047049560139,CELL-9022,+91017520636,+91572046447,SMS-MT,105,632,-96
2025-02-23 20:01:36,40407504387502,35159528974845,CELL-2993,+91762152170,+91550699229,SMS-MT,255,793,-108
2025-02-27 18:03:32,42730475517392,35378084510368,CELL-8473,+91135015963,+91204687088,SMS-MO,10,230,-67
2025-02-22 22:12:21,40260079342617,35575532594928,CELL-2135,+91830566338,+91126903585,SMS-MT,918,695,-51
2025-02-22 04:56:42,42221022041458,35672481069401,CELL-0910,+91008794831,+91802465414,SMS-MT,1552,334,-84
2025-02-23 07:55:53,48862534287472,35672481069401,CELL-9505,+91653882592,+91017520636,SMS-MO,1433,519,-82
2025-02-25 02:10:11,42221022041458,35009146024049,CELL-2824,+91332973537,+91620973976,MTC,388,937,-114
2025-02-24 09:42:44,49418986515284,35924995660755,CELL-2135,+91763954894,+91320272093,SMS-MO,984,919,-92
2025-02-27 01:07:48,42430574388965,35196269887070,CELL-2993,+91615039019,+91766154194,SMS-MT,153,649,-115
2025-02-25 06:20:14,42341326607568,35686829485430,CELL-7820,+91017520636,+91518887993,SMS-MT,834,506,-100
2025-02-27 03:05:53,47775754486124,35152691052319,CELL-5400,+91733635245,+91497105822,SMS-MO,77,076,-97
2025-02-27 16:44:19,47974704880021,35961106495590,CELL-6087,+91846209995,+91654422532,MOC,794,122,-93
2025-02-25 12:08:33,45447945510613,35110485637537,CELL-5703,+91497105822,+91820233464,SMS-MT,1334,331,-60
2025-02-27 01:54:18,43906576784794,35686829485430,CELL-8476,+91866464005,+91500915800,SMS-MO,605,124,-81
2025-02-20 21:32:26,45484353164868,35955682455814,CELL-9022,+91866464005,+91851287144,MOC,1630,339,-120
2025-02-24 18:40:16,42221022041458,35571011700880,CELL-7820,+91960789737,+91875529728,SMS-MO,812,278,-70
2025-02-21 17:46:06,44700526054343,35746010699061,CELL-6015,+91219776541,+91245955091,SMS-MO,247,383,-50
2025-02-24 10:55:57,40625297358149,35047264367118,CELL-9505,+91525175436,+91126903585,SMS-MO,389,630,-65
2025-02-26 19:15:25,45520944236450,35458594955062,CELL-2135,+91518887993,+91597276967,SMS-MO,974,617,-103
2025-02-21 05:31:27,46026226962663,35291517987480,CELL-0910,+91126903585,+91972127013,MOC,1699,858,-63
2025-02-25 22:12:28,49477997028326,35571011700880,CELL-2135,+91823687975,+91312598109,SMS-MT,789,765,-64
2025-02-26 08:51:07,46729608446575,35449754394264,CELL-2135,+91407086698,+91763954894,MTC,582,899,-73
2025-02-21 02:03:40,43648356848709,35189314110855,CELL-0910,+91974180120,+91820233464,MTC,94,869,-75
2025-02-25 16:53:20,40407504387502,35449754394264,CELL-6015,+91320272093,+91550699229,MOC,972,984,-108
2025-02-25 14:41:02,43648356848709,35960818474893,CELL-5400,+91204687088,+91024561784,SMS-MT,24,507,-95
2025-02-21 01:12:19,47974704880021,35737068477000,CELL-9505,+91550699229,+91764668407,MTC,286,627,-68
2025-02-21 02:08:46,43648356848709,35363967045575,CELL-5703,+91823687975,+91497105822,SMS-MT,1255,831,-57
2025-02-23 16:35:52,47775754486124,35466032962668,CELL-7820,+91021998878,+91402783843,SMS-MT,764,576,-108
2025-02-25 10:32:33,40322911370852,35342093986334,CELL-6498,+91405935763,+91237339747,SMS-MO,519,969,-59
2025-02-23 07:46:28,46600696221116,35672481069401,CELL-6801,+91960121477,+91748220113,MTC,317,818,-77
2025-02-21 12:45:33,43906576784794,35686829485430,CELL-1900,+91484526782,+91223301748,MOC,1473,540,-80
2025-02-20 21:50:33,49751600792329,35186649731922,CELL-2265,+91832980052,+91114539458,SMS-MT,1638,947,-118
2025-02-26 02:33:23,49418986515284,35189314110855,CELL-8473,+91312598109,+91484526782,SMS-MT,1783,383,-74
2025-02-22 22:09:57,42430574388965,35378084510368,CELL-2993,+91126903585,+91999677236,MTC,501,879,-89
2025-02-26 10:22:58,48862534287472,35075898705616,CELL-2135,+91216969270,+91497105822,MOC,611,887,-103
2025-02-21 12:00:34,47143523149270,35689775580058,CELL-6087,+91390936670,+91762152170,SMS-MO,1491,155,-78
2025-02-27 02:00:21,45447945510613,35719532627905,CELL-9022,+91972127013,+91654422532,SMS-MO,1727,689,-73
2025-02-27 10:37:58,40074538948554,35464065334698,CELL-7820,+91407086698,+91008794831,SMS-MT,1427,622,-116
2025-02-26 00:11:49,45036550975198,35110485637537,CELL-8473,+91021998878,+91402783843,SMS-MO,778,131,-73
2025-02-27 18:29:29,47166881033751,35192883007664,CELL-9505,+91406352454,+91237339747,SMS-MT,1533,783,-85
2025-02-22 10:40:23,44535689447151,35685357871471,CELL-9505,+91500915800,+91620973976,SMS-MO,1020,330,-81
2025-02-25 11:57:18,47143523149270,35204312892535,CELL-7820,+91223301748,+91182333709,SMS-MO,743,774,-61
2025-02-27 07:01:17,44700526054343,35960818474893,CELL-6801,+91832980052,+91818150466,MTC,1120,586,-116
2025-02-27 04:40:08,42730475517392,35369045726119,CELL-2265,+91400531967,+91323088835,SMS-MO,1309,045,-97
2025-02-27 03:06:13,46729608446575,35159528974845,CELL-2135,+91572046447,+91216969270,SMS-MT,1036,052,-96
2025-02-22 21:13:15,45484353164868,35392924712272,CELL-5703,+91035283888,+91320873131,MOC,1312,098,-57
2025-02-23 20:51:29,47775754486124,35392924712272,CELL-9505,+91802465414,+91097984922,MOC,1579,432,-50
2025-02-23 00:38:43,42221022041458,35746010699061,CELL-8443,+91865842571,+91237339747,SMS-MT,6,592,-64
2025-02-27 20:02:01,43370517990547,35192883007664,CELL-2993,+91581110915,+91021998878,SMS-MT,1699,548,-82
2025-02-23 21:08:17,40074538948554,35291517987480,CELL-8443,+91223301748,+91114539458,MOC,848,084,-82
2025-02-22 02:35:08,43097947301588,35075898705616,CELL-6015,+91084829675,+91250264599,MTC,227,555,-109
2025-02-27 14:04:18,40625297358149,35698914462149,CELL-6801,+91825452989,+91960789737,SMS-MO,938,999,-74
2025-02-25 22:26:42,40797888601616,35768043899695,CELL-2135,+91427821516,+91865842571,SMS-MO,1089,728,-56
2025-02-26 13:07:24,40260079342617,35192883007664,CELL-2135,+91071396720,+91484526782,MTC,1138,814,-59
2025-02-23 15:31:13,42430574388965,35862639249477,CELL-6087,+91865842571,+91866464005,MTC,1531,164,-95
2025-02-21 13:20:17,45447945510613,35672481069401,CELL-8443,+91008794831,+91111111495,SMS-MT,512,199,-115
2025-02-21 20:52:03,47775754486124,35685357871471,CELL-6015,+91071396720,+91236080921,MTC,370,266,-110
2025-02-24 12:08:50,40454041901801,35363967045575,CELL-4969,+91597276967,+91126903585,SMS-MO,1426,461,-54
2025-02-26 12:14:11,43492922858327,35766536758776,CELL-6015,+91159808113,+91578391406,MOC,653,863,-107
2025-02-21 16:15:13,40074538948554,35745726181835,CELL-6801,+91407086698,+91400531967,SMS-MO,344,908,-62
2025-02-22 18:48:47,46600696221116,35990580425649,CELL-2265,+91865842571,+91204687088,SMS-MO,871,567,-75
2025-02-24 16:09:06,40407504387502,35152691052319,CELL-2993,+91400531967,+91823687975,SMS-MT,401,963,-104
2025-02-22 18:19:39,45109646756041,35196269887070,CELL-2135,+91960121477,+91818150466,SMS-MO,1699,574,-120
2025-02-24 16:00:15,45937717693748,35686829485430,CELL-6015,+91654422532,+91829311037,SMS-MT,720,847,-116
2025-02-23 05:16:54,48862534287472,35378084510368,CELL-0910,+91390936670,+91236080921,SMS-MO,226,353,-50
2025-02-22 04:20:30,47143523149270,35458594955062,CELL-0910,+91152174576,+91960121477,MTC,1313,964,-96
2025-02-20 21:01:25,46600696221116,35040248502539,CELL-5400,+91223301748,+91111111495,MTC,1320,989,-111
2025-02-22 01:37:00,40625297358149,35378084510368,CELL-2993,+91219776541,+91237339747,SMS-MO,207,345,-81
2025-02-20 22:02:27,42430574388965,35291517987480,CELL-6087,+91972127013,+91960121477,MOC,29,448,-96
2025-02-24 02:13:04,47192750430663,35084971376639,CELL-2265,+91135015963,+91763954894,MTC,1241,573,-104
2025-02-22 09:30:23,49477997028326,35897916602267,CELL-6087,+91830566338,+91223301748,MOC,1405,065,-84
2025-02-26 13:16:53,47279176522856,35378084510368,CELL-2265,+91581110915,+91223301748,MOC,1483,442,-65
2025-02-25 04:27:51,49418986515284,35068288827583,CELL-1900,+91597276967,+91017520636,SMS-MT,1166,026,-80
2025-02-25 08:15:16,41622209992543,35686829485430,CELL-0910,+91972127013,+91960121477,MOC,1535,618,-114
2025-02-23 21:52:23,44535689447151,35040248502539,CELL-2993,+91324665292,+91972127013,MTC,857,001,-84
2025-02-21 20:21:58,40797888601616,35554512462827,CELL-2135,+91084829675,+91581110915,MTC,661,510,-64
2025-02-25 00:01:59,49669489156233,35817920871088,CELL-7820,+91084829675,+91713827680,MOC,1237,738,-89
2025-02-24 02:28:26,49969962063823,35685357871471,CELL-5703,+91248383763,+91320272093,MOC,1506,246,-53
2025-02-27 05:59:09,45520944236450,35047049560139,CELL-9022,+91221520617,+91320873131,SMS-MO,111,312,-63
2025-02-26 01:21:55,49751600792329,35689775580058,CELL-6801,+91425362133,+91059130809,SMS-MO,1241,997,-58
2025-02-22 17:16:52,49477997028326,35878571364417,CELL-8443,+91497105822,+91748220113,MTC,1797,621,-96
2025-02-21 07:41:42,43906576784794,35192883007664,CELL-8443,+91999677236,+91748220113,MOC,1521,495,-51
2025-02-22 18:32:58,45364978857081,35075898705616,CELL-0910,+91323088835,+91024312680,SMS-MT,657,773,-98
2025-02-25 21:07:09,42221022041458,35186504341166,CELL-5400,+91878207173,+91427821516,MOC,1556,192,-50
2025-02-27 17:09:01,42221022041458,35084971376639,CELL-9505,+91763954894,+91202975757,MTC,756,449,-53
2025-02-21 18:54:08,43646527883088,35436131691223,CELL-8443,+91802465414,+91320873131,SMS-MT,762,193,-92
2025-02-22 08:54:56,45484353164868,35685357871471,CELL-2265,+91395259677,+91219776541,MTC,383,124,-87
2025-02-27 17:38:06,46600696221116,35620405877629,CELL-1900,+91125708950,+91823687975,MTC,1378,732,-106
2025-02-23 19:10:09,42208217384914,35689775580058,CELL-1900,+91825452989,+91763954894,SMS-MT,683,000,-69
2025-02-24 13:29:38,43648356848709,35186649731922,CELL-2265,+91764668407,+91754099162,MTC,390,992,-88
2025-02-23 06:01:56,42208217384914,35152691052319,CELL-0603,+91097984922,+91442113074,SMS-MT,156,799,-81
2025-02-27 09:07:43,42208217384914,35040248502539,CELL-2993,+91237339747,+91441159533,SMS-MO,1759,129,-82
2025-02-25 22:05:50,46729608446575,35019052337279,CELL-6015,+91114539458,+91406337455,MTC,906,671,-72
2025-02-26 23:02:56,46600696221116,35254431142538,CELL-5703,+91184627400,+91324665292,SMS-MO,649,208,-103
2025-02-23 18:16:31,45036550975198,35436131691223,CELL-6801,+91395259677,+91312598109,SMS-MT,1435,782,-104
2025-02-21 03:37:50,43097947301588,35047049560139,CELL-2824,+91248383763,+91525175436,MOC,913,736,-76
2025-02-23 08:04:46,42221022041458,35955682455814,CELL-5400,+91866464005,+91184627400,MTC,1647,418,-96
2025-02-26 10:59:02,49969962063823,35466032962668,CELL-0603,+91237339747,+91442113074,SMS-MT,676,289,-104
2025-02-25 13:28:47,48949199562446,35960818474893,CELL-6498,+91305012183,+91084829675,SMS-MO,823,016,-81
2025-02-22 06:20:52,45937717693748,35185929962348,CELL-2993,+91766154194,+91406337455,MOC,613,491,-106
2025-02-27 06:03:36,45937717693748,35192883007664,CELL-5400,+91878207173,+91017520636,MTC,79,155,-115
2025-02-24 20:17:10,47775754486124,35363967045575,CELL-0603,+91017520636,+91117872708,SMS-MO,141,596,-60
2025-02-21 03:08:32,47775754486124,35766536758776,CELL-5400,+91645737097,+91000639483,MOC,313,036,-65
2025-02-26 09:50:51,40074538948554,35186504341166,CELL-2824,+91823687975,+91142399368,MTC,389,632,-54
2025-02-24 02:44:19,43480946643765,35672481069401,CELL-2824,+91216969270,+91427821516,MOC,263,394,-100
2025-02-27 03:23:40,46729608446575,35436131691223,CELL-2265,+91903672314,+91615039019,MTC,1402,452,-111
2025-02-27 13:01:31,44535689447151,35185929962348,CELL-2993,+91084829675,+91402783843,SMS-MO,690,260,-93
2025-02-23 21:45:48,43097947301588,35746010699061,CELL-5400,+91312598109,+91484526782,MTC,54,081,-50
2025-02-23 15:17:00,42221022041458,35291517987480,CELL-6498,+91763954894,+91017520636,SMS-MT,1161,334,-117
2025-02-21 17:23:59,42341326607568,35960818474893,CELL-2135,+91400531967,+91216969270,MTC,144,295,-62
2025-02-22 05:52:08,42430574388965,35084971376639,CELL-0910,+91304542653,+91320272093,MTC,1267,765,-110
2025-02-22 21:44:46,47192750430663,35745726181835,CELL-2824,+91820233464,+91497105822,MTC,1003,370,-59
2025-02-25 08:59:37,45364978857081,35204312892535,CELL-7820,+91903672314,+91017520636,MTC,480,980,-86
2025-02-23 13:26:42,40797888601616,35063035727899,CELL-2135,+91017520636,+91332973537,SMS-MO,1071,572,-75
2025-02-26 22:15:26,44700526054343,35685357871471,CELL-6087,+91832980052,+91972127013,SMS-MO,236,517,-73
2025-02-23 19:47:47,49418986515284,35075898705616,CELL-7820,+91820233464,+91355088242,MTC,354,046,-66
2025-02-20 20:04:26,49969962063823,35683669826301,CELL-5400,+91237339747,+91766154194,SMS-MT,1443,503,-84
2025-02-21 08:41:28,42430574388965,35620405877629,CELL-1900,+91766154194,+91865842571,MOC,510,438,-86
2025-02-21 04:01:12,46729608446575,35924995660755,CELL-8476,+91084829675,+91320873131,MTC,1601,780,-59
2025-02-25 02:55:48,46729608446575,35458594955062,CELL-5703,+91237339747,+91390936670,SMS-MO,866,637,-62
2025-02-25 13:42:17,43370517990547,35464065334698,CELL-5400,+91484526782,+91615039019,MTC,1325,100,-81
2025-02-23 20:49:26,42730475517392,35068288827583,CELL-5400,+91972127013,+91237339747,MOC,1319,361,-79
2025-02-22 10:07:16,42792542856916,35986717339885,CELL-6801,+91071396720,+91733635245,SMS-MO,1245,856,-112
2025-02-22 14:37:45,45364978857081,35719532627905,CELL-9505,+91518887993,+91427821516,SMS-MT,1509,160,-57
2025-02-25 15:55:15,40074538948554,35575532594928,CELL-9022,+91878207173,+91071396720,MOC,1735,308,-106
2025-02-27 04:33:50,48949199562446,35019052337279,CELL-8476,+91802465414,+91645737097,MTC,714,853,-104
2025-02-25 23:43:45,49477997028326,35990580425649,CELL-4969,+91820233464,+91654422532,SMS-MT,948,709,-106
2025-02-21 01:50:04,40625297358149,35019052337279,CELL-0603,+91117872708,+91875529728,SMS-MT,1582,375,-119
2025-02-25 12:41:42,42981853422094,35685357871471,CELL-4969,+91754099162,+91135015963,MOC,1047,554,-105
2025-02-25 20:13:03,42792542856916,35878571364417,CELL-7820,+91400531967,+91287906366,MOC,262,156,-116
2025-02-25 14:28:56,43906576784794,35990580425649,CELL-2135,+91320272093,+91084829675,MTC,806,524,-75
2025-02-22 17:46:09,45364978857081,35185929962348,CELL-7820,+91763954894,+91236080921,MTC,1673,309,-56
2025-02-22 17:52:37,40074538948554,35047264367118,CELL-9022,+91059130809,+91875529728,SMS-MO,1504,485,-99
2025-02-26 01:34:34,45484353164868,35689775580058,CELL-2135,+91802465414,+91406337455,SMS-MT,704,829,-53
2025-02-21 03:20:43,47402004461710,35159528974845,CELL-9505,+91405935763,+91615039019,SMS-MT,1167,174,-93
2025-02-20 23:58:12,43906576784794,35699359064818,CELL-6801,+91324665292,+91829311037,MOC,1293,926,-95
2025-02-25 22:01:52,43492922858327,35068288827583,CELL-0910,+91169082411,+91832980052,SMS-MT,1203,409,-103
2025-02-24 08:24:38,49969962063823,35254431142538,CELL-6801,+91865842571,+91903672314,MTC,141,861,-69
2025-02-27 16:51:41,48949199562446,35159528974845,CELL-9022,+91866464005,+91713827680,SMS-MO,743,290,-99
2025-02-27 06:07:57,43648356848709,35862639249477,CELL-6015,+91024561784,+91184627400,MTC,1758,772,-108
2025-02-26 16:26:38,49751600792329,35186504341166,CELL-9505,+91323088835,+91999677236,SMS-MT,374,214,-61
2025-02-24 21:52:42,43646527883088,35698914462149,CELL-6498,+91762152170,+91119441350,SMS-MT,1696,663,-57
2025-02-26 02:47:54,47279176522856,35436131691223,CELL-2824,+91878207173,+91324665292,SMS-MT,755,238,-61
2025-02-27 07:48:11,47192750430663,35986717339885,CELL-8476,+91332973537,+91820233464,SMS-MT,473,536,-75
2025-02-20 22:08:19,40322911370852,35363967045575,CELL-0910,+91395259677,+91024312680,SMS-MO,1399,546,-83
2025-02-22 06:44:11,40074538948554,35392924712272,CELL-8473,+91830566338,+91204687088,SMS-MO,410,693,-91
2025-02-22 02:27:25,42341326607568,35766536758776,CELL-2824,+91500915800,+91830566338,MOC,1548,298,-106
2025-02-25 00:43:09,46026226962663,35745726181835,CELL-5703,+91829311037,+91441159533,MOC,315,969,-85
2025-02-26 11:06:35,44535689447151,35342093986334,CELL-6087,+91500915800,+91142399368,MTC,1018,694,-52
2025-02-25 14:28:15,44700526054343,35466032962668,CELL-0910,+91427821516,+91763954894,MTC,492,840,-68
2025-02-21 00:30:52,42221022041458,35068288827583,CELL-4969,+91304542653,+91550699229,MTC,675,302,-120
2025-02-22 03:45:25,46600696221116,35185929962348,CELL-0910,+91202975757,+91059130809,MOC,1706,999,-69
2025-02-26 06:11:10,47775754486124,35878571364417,CELL-6498,+91142399368,+91878207173,MTC,1202,803,-85
2025-02-27 04:28:05,47279176522856,35862639249477,CELL-1900,+91960789737,+91406337455,SMS-MO,1283,087,-54
2025-02-24 14:22:57,45109646756041,35427037363928,CELL-8473,+91117872708,+91323088835,SMS-MT,1225,049,-113
2025-02-22 23:11:47,46026226962663,35047049560139,CELL-9022,+91851287144,+91572046447,MOC,431,931,-54
2025-02-21 21:52:04,42341326607568,35768043899695,CELL-6498,+91395259677,+91754099162,SMS-MT,1144,180,-90
2025-02-22 23:06:02,44700526054343,35063035727899,CELL-0603,+91355088242,+91400531967,SMS-MO,284,258,-56
2025-02-26 08:38:07,42208217384914,35378084510368,CELL-4969,+91202975757,+91830566338,SMS-MO,1168,559,-51
2025-02-25 03:16:53,42341326607568,35503167740277,CELL-1900,+91713827680,+91111111495,MTC,182,694,-92
2025-02-26 17:54:06,47402004461710,35960818474893,CELL-8443,+91245955091,+91525175436,MOC,1612,986,-99
2025-02-20 21:24:06,42792542856916,35745726181835,CELL-0910,+91320272093,+91021998878,SMS-MO,307,845,-64
2025-02-26 04:49:33,46729608446575,35291517987480,CELL-8473,+91441159533,+91407086698,SMS-MO,49,087,-114
2025-02-22 12:43:48,47143523149270,35369045726119,CELL-7820,+91323088835,+91236080921,SMS-MO,5,306,-60
2025-02-23 05:59:24,49969962063823,35554512462827,CELL-2824,+91117872708,+91572046447,SMS-MO,843,845,-103
2025-02-25 06:24:55,45937717693748,35941659627979,CELL-8473,+91766154194,+91820233464,MOC,628,591,-73
2025-02-23 09:04:26,48862534287472,35189314110855,CELL-6801,+91237339747,+91442113074,SMS-MT,169,312,-70
2025-02-21 17:59:18,40260079342617,35047264367118,CELL-1900,+91818150466,+91972127013,SMS-MT,577,924,-61
2025-02-22 15:03:39,40407504387502,35204312892535,CELL-2993,+91237339747,+91000639483,SMS-MT,1462,600,-116
2025-02-24 23:04:42,43906576784794,35047264367118,CELL-9505,+91169082411,+91764668407,SMS-MO,978,374,-80
2025-02-21 01:03:35,43648356848709,35737068477000,CELL-8443,+91818150466,+91320873131,MOC,1049,363,-59
2025-02-26 14:38:48,45413461777999,35503167740277,CELL-0910,+91818150466,+91578391406,SMS-MO,840,151,-102
2025-02-21 06:51:58,42792542856916,35672481069401,CELL-5703,+91024561784,+91008794831,SMS-MT,505,486,-75
2025-02-25 16:23:31,42981853422094,35047264367118,CELL-5703,+91152174576,+91324665292,SMS-MO,599,173,-109
2025-02-24 16:38:22,43646527883088,35686829485430,CELL-6015,+91763954894,+91960789737,MTC,89,641,-81
2025-02-21 11:04:27,43097947301588,35291517987480,CELL-6015,+91008794831,+91221520617,MTC,792,285,-61
2025-02-24 19:49:23,44700526054343,35622444991785,CELL-8476,+91766154194,+91820233464,MOC,369,230,-50
2025-02-26 22:56:15,47279176522856,35990580425649,CELL-7820,+91972127013,+91400531967,MTC,234,095,-81
2025-02-24 23:31:09,47279176522856,35698914462149,CELL-1900,+91713827680,+91427821516,SMS-MT,1348,553,-60
2025-02-25 09:52:28,43646527883088,35427037363928,CELL-5703,+91135015963,+91484526782,SMS-MO,754,508,-105
2025-02-22 11:50:09,44700526054343,35369045726119,CELL-7820,+91960789737,+91972127013,MOC,987,033,-94
2025-02-24 18:41:17,47166881033751,35986717339885,CELL-7820,+91407086698,+91400531967,MTC,1746,747,-107
2025-02-24 03:43:50,47279176522856,35201532534833,CELL-0910,+91204687088,+91312598109,MOC,698,718,-108
2025-02-21 06:30:44,46729608446575,35063035727899,CELL-9505,+91008794831,+91500915800,SMS-MO,1494,779,-71
2025-02-23 05:53:21,47974704880021,35047264367118,CELL-1900,+91550699229,+91823687975,MOC,1742,965,-113
2025-02-26 03:53:24,46600696221116,35862639249477,CELL-2824,+91960121477,+91117872708,MTC,656,861,-79
2025-02-22 08:01:57,49751600792329,35745726181835,CELL-2265,+91581110915,+91237339747,MTC,695,808,-89
2025-02-25 10:36:35,40322911370852,35063035727899,CELL-0910,+91764668407,+91578391406,SMS-MO,1479,860,-93
2025-02-26 05:58:16,43646527883088,35575532594928,CELL-1900,+91221520617,+91974180120,MTC,1613,781,-69
2025-02-21 15:47:20,47143523149270,35291517987480,CELL-8473,+91866464005,+91425362133,SMS-MT,589,175,-117
2025-02-21 15:01:25,45364978857081,35620405877629,CELL-8476,+91581110915,+91135015963,MTC,1768,319,-108
2025-02-24 11:13:19,45447945510613,35291517987480,CELL-0910,+91866464005,+91402783843,MOC,1495,229,-91
2025-02-23 23:03:12,49751600792329,35575532594928,CELL-8473,+91021998878,+91866464005,MOC,954,304,-93
2025-02-26 03:05:47,48949199562446,35084971376639,CELL-9022,+91442113074,+91802465414,MTC,208,297,-72
2025-02-22 04:32:13,47279176522856,35990580425649,CELL-4969,+91406337455,+91024561784,MTC,1544,070,-111
2025-02-25 18:49:45,49751600792329,35429865569939,CELL-0603,+91216969270,+91221520617,MOC,272,656,-99
2025-02-24 21:28:44,42221022041458,35622444991785,CELL-2135,+91441159533,+91126903585,MOC,1723,398,-95
2025-02-25 23:14:41,40260079342617,35571011700880,CELL-5400,+91219776541,+91245955091,SMS-MT,827,020,-68
2025-02-22 04:14:04,42221022041458,35686829485430,CELL-7820,+91223301748,+91000639483,MOC,321,049,-73
2025-02-23 08:31:36,42208217384914,35571011700880,CELL-2265,+91024312680,+91764668407,SMS-MO,302,474,-93
2025-02-21 13:16:42,42208217384914,35369045726119,CELL-5703,+91402783843,+91216969270,SMS-MT,254,361,-60
2025-02-24 08:17:18,45937717693748,35378084510368,CELL-5703,+91748220113,+91250264599,MTC,1298,467,-107
2025-02-21 23:47:01,40322911370852,35698914462149,CELL-1900,+91406352454,+91126903585,MOC,613,787,-102
2025-02-23 06:01:10,43906576784794,35047264367118,CELL-6015,+91008794831,+91615039019,MTC,990,529,-65
2025-02-27 07:05:46,49477997028326,35745726181835,CELL-6801,+91125708950,+91654422532,SMS-MO,202,313,-54
2025-02-23 10:11:05,48949199562446,35961106495590,CELL-9505,+91250264599,+91829311037,SMS-MO,141,827,-57
2025-02-22 10:14:50,49477997028326,35620405877629,CELL-0603,+91550699229,+91830566338,SMS-MO,1311,400,-58
2025-02-24 19:16:24,42221022041458,35719532627905,CELL-9022,+91960121477,+91021998878,SMS-MO,1307,433,-51
2025-02-27 14:14:10,45036550975198,35737068477000,CELL-5703,+91441159533,+91287906366,MTC,1037,633,-69
2025-02-21 07:52:29,45447945510613,35571011700880,CELL-9505,+91875529728,+91581110915,MOC,1236,919,-89
2025-02-27 06:12:44,49669489156233,35699359064818,CELL-6015,+91024561784,+91135015963,MTC,1335,635,-67
2025-02-25 20:33:24,47775754486124,35063035727899,CELL-6801,+91441159533,+91425362133,SMS-MO,260,342,-71
2025-02-21 03:03:19,47279176522856,35685357871471,CELL-0603,+91245955091,+91035283888,MOC,1217,928,-63
2025-02-25 04:47:12,40454041901801,35685357871471,CELL-2265,+91000639483,+91332973537,MTC,585,403,-90
2025-02-27 08:30:52,40454041901801,35159528974845,CELL-2993,+91878207173,+91142399368,SMS-MO,151,345,-109
2025-02-26 22:10:54,44700526054343,35941659627979,CELL-5400,+91021998878,+91237339747,SMS-MO,376,286,-68
2025-02-21 15:22:02,44700526054343,35189314110855,CELL-1900,+91766154194,+91825452989,MTC,1155,612,-71
2025-02-24 17:39:31,41622209992543,35768043899695,CELL-9022,+91135015963,+91713827680,SMS-MT,229,583,-77
2025-02-22 13:06:40,48949199562446,35019052337279,CELL-8443,+91024561784,+91518887993,MOC,1630,845,-58
2025-02-21 22:31:45,48949199562446,35620405877629,CELL-2993,+91999677236,+91960789737,SMS-MO,543,287,-117
2025-02-23 18:33:42,47402004461710,35190004075170,CELL-6015,+91142399368,+91250264599,MTC,104,735,-114
2025-02-24 10:54:07,49969962063823,35190004075170,CELL-8443,+91287906366,+91223301748,SMS-MO,718,863,-65
2025-02-21 08:07:05,48862534287472,35686829485430,CELL-0603,+91972127013,+91117872708,SMS-MO,589,231,-90
2025-02-22 02:10:53,43648356848709,35449754394264,CELL-8473,+91245955091,+91135015963,MTC,740,725,-96
2025-02-23 21:03:30,49969962063823,35185929962348,CELL-9022,+91008794831,+91645737097,MOC,1265,929,-117
2025-02-23 11:10:49,43648356848709,35254431142538,CELL-7820,+91097984922,+91111111495,MTC,1448,188,-116
2025-02-23 12:29:28,44535689447151,35392924712272,CELL-2993,+91059130809,+91875529728,SMS-MO,1140,574,-60
2025-02-21 04:15:52,45036550975198,35683669826301,CELL-8443,+91332973537,+91236080921,SMS-MT,1025,351,-54
2025-02-21 03:05:26,45447945510613,35817920871088,CELL-9022,+91021998878,+91250264599,MTC,1490,904,-110
2025-02-22 19:08:22,46600696221116,35047264367118,CELL-0603,+91035283888,+91620973976,MOC,1291,652,-83
2025-02-27 01:50:01,42730475517392,35620405877629,CELL-4969,+91903672314,+91221520617,MTC,1758,114,-59
2025-02-26 05:34:05,42341326607568,35685357871471,CELL-2135,+91645737097,+91305012183,SMS-MO,1700,114,-63
2025-02-27 15:08:49,47166881033751,35817261615714,CELL-2993,+91221520617,+91878207173,MOC,1007,324,-80
2025-02-25 17:49:13,43906576784794,35449754394264,CELL-9022,+91223301748,+91202975757,SMS-MO,1028,537,-100
2025-02-22 12:00:08,40454041901801,35063035727899,CELL-8443,+91216969270,+91518887993,SMS-MO,104,088,-77
2025-02-25 15:17:22,42792542856916,35185929962348,CELL-6498,+91762152170,+91024561784,MOC,319,422,-62
2025-02-21 22:28:12,40454041901801,35554512462827,CELL-9022,+91581110915,+91550699229,MOC,825,524,-73
2025-02-21 22:33:15,49477997028326,35745726181835,CELL-8473,+91999677236,+91407086698,SMS-MT,145,934,-93
2025-02-23 06:46:00,48949199562446,35291517987480,CELL-0910,+91497105822,+91572046447,MTC,692,501,-84
2025-02-27 01:40:31,43370517990547,35458594955062,CELL-2135,+91829311037,+91878207173,SMS-MO,1699,609,-92
2025-02-22 03:03:25,45520944236450,35436131691223,CELL-6015,+91525175436,+91581110915,SMS-MO,957,048,-93
2025-02-25 01:59:02,45109646756041,35427037363928,CELL-0603,+91024561784,+91324665292,SMS-MT,595,239,-59
2025-02-21 04:53:40,49418986515284,35047049560139,CELL-2993,+91305012183,+91525175436,SMS-MT,830,382,-110
2025-02-24 09:11:30,42221022041458,35040248502539,CELL-6015,+91111111495,+91733635245,MTC,947,942,-87
2025-02-22 06:33:26,43648356848709,35291517987480,CELL-8476,+91332973537,+91135015963,MTC,912,468,-97
2025-02-24 21:19:06,46600696221116,35862639249477,CELL-2265,+91159808113,+91597276967,MOC,1280,574,-115
2025-02-25 23:07:11,45109646756041,35449754394264,CELL-6087,+91395259677,+91390936670,SMS-MT,640,251,-79
2025-02-24 21:18:30,47775754486124,35817920871088,CELL-9505,+91406352454,+91441159533,MOC,1768,900,-55
2025-02-21 15:16:49,42208217384914,35186649731922,CELL-2824,+91320873131,+91021998878,MTC,830,954,-71
2025-02-21 18:26:22,43097947301588,35817920871088,CELL-0603,+91024561784,+91169082411,SMS-MO,1648,991,-75
2025-02-26 21:23:24,42981853422094,35195732104467,CELL-2135,+91248383763,+91169082411,SMS-MT,258,353,-114
2025-02-26 19:39:18,47166881033751,35575532594928,CELL-7820,+91748220113,+91518887993,SMS-MT,714,559,-100
2025-02-25 22:10:10,45109646756041,35040248502539,CELL-2824,+91323088835,+91402783843,SMS-MO,856,858,-68
